complexity,arch_a,arch_b,mean_latency_ms_a,ci_95_a,mean_latency_ms_b,ci_95_b,U_statistic,p_value,p_corrected,significant,cliffs_delta,effect_size
simple,mcp,a2a,8867.597480837721,"[7761.5, 10065.5]",19828.938281612936,"[18912.2, 20827.9]",131.0,1.2509269543815984e-14,1.1258342589434386e-13,True,-0.8952,large
simple,mcp,hybrid,8867.597480837721,"[7761.5, 10065.5]",10643.479141704738,"[8910.6, 12544.8]",1066.0,0.20586561131641923,1.0,False,-0.1472,small
simple,a2a,hybrid,19828.938281612936,"[18912.2, 20827.9]",10643.479141704738,"[8910.6, 12544.8]",2152.0,5.139706076435013e-10,4.6257354687915115e-09,True,0.7216,large
medium,mcp,a2a,30299.885345008224,"[28615.7, 32008.5]",36049.92301417049,"[34780.7, 37379.4]",614.0,1.1812365457819438e-05,0.00010631128912037493,True,-0.5088,large
medium,mcp,hybrid,30299.885345008224,"[28615.7, 32008.5]",34815.264511622954,"[33153.7, 36380.6]",718.0,0.00024824348712561284,0.0022341913841305155,True,-0.4256,medium
medium,a2a,hybrid,36049.92301417049,"[34780.7, 37379.4]",34815.264511622954,"[33153.7, 36380.6]",1306.0,0.7020111769696078,1.0,False,0.0448,negligible
complex,mcp,a2a,51753.675992523786,"[48091.2, 55546.6]",45053.64583566319,"[43002.9, 47097.4]",1610.0,0.0131999646262248,0.1187996816360232,False,0.288,small
complex,mcp,hybrid,51753.675992523786,"[48091.2, 55546.6]",45882.0880541997,"[43619.7, 48296.1]",1563.0,0.031215186499123034,0.2809366784921073,False,0.2504,small
complex,a2a,hybrid,45053.64583566319,"[43002.9, 47097.4]",45882.0880541997,"[43619.7, 48296.1]",1191.0,0.6867360281793012,1.0,False,-0.0472,negligible
