complexity,arch_a,arch_b,mean_total_tokens_a,ci_95_a,mean_total_tokens_b,ci_95_b,U_statistic,p_value,p_corrected,significant,cliffs_delta,effect_size
simple,mcp,a2a,4576.5,"[4230.2, 4996.5]",1958.9,"[1487.5, 2836.2]",91.0,0.0021937635741237304,0.019743872167113572,True,0.82,large
simple,mcp,hybrid,4576.5,"[4230.2, 4996.5]",4037.5,"[3312.9, 4664.8]",65.0,0.27285596848712856,1.0,False,0.3,small
simple,a2a,hybrid,1958.9,"[1487.5, 2836.2]",4037.5,"[3312.9, 4664.8]",13.0,0.00579535854433471,0.05215822689901239,False,-0.74,large
medium,mcp,a2a,9041.1,"[6588.8, 11785.5]",6435.1,"[5283.7, 7575.2]",65.0,0.27303633975118835,1.0,False,0.3,small
medium,mcp,hybrid,9041.1,"[6588.8, 11785.5]",5870.1,"[4848.0, 7006.9]",76.0,0.05390255716938719,0.4851230145244847,False,0.52,large
medium,a2a,hybrid,6435.1,"[5283.7, 7575.2]",5870.1,"[4848.0, 7006.9]",57.0,0.6231762238821174,1.0,False,0.14,negligible
complex,mcp,a2a,27320.5,"[21500.2, 33843.0]",11257.9,"[8525.5, 13995.4]",94.0,0.0010079762403767444,0.009071786163390699,True,0.88,large
complex,mcp,hybrid,27320.5,"[21500.2, 33843.0]",16562.7,"[10185.9, 26293.1]",84.0,0.011329696684474666,0.101967270160272,False,0.68,large
complex,a2a,hybrid,11257.9,"[8525.5, 13995.4]",16562.7,"[10185.9, 26293.1]",43.0,0.6231762238821174,1.0,False,-0.14,negligible
