architecture,complexity,avg_latency_ms,median_latency_ms,p95_latency_ms,avg_tokens,avg_llm_calls,avg_api_calls,avg_cost_usd,success_rate,error_recovery_rate,total_runs
mcp,simple,8867.597480837721,6966.212062572595,18642.09147119545,4671.38,2.04,1.48,0.016935899999999997,100.0,0.0,50
mcp,medium,30299.885345008224,30806.641729490366,38999.58772296668,9965.1,3.0,10.1,0.04353209999999999,100.0,0.0,50
mcp,complex,51753.675992523786,51544.1808544565,75507.35752285107,34958.54,5.68,22.68,0.12965922000000002,100.0,0.0,50
a2a,simple,19828.938281612936,18860.22462497931,27199.357581342334,1988.1,3.22,1.22,0.01616646,100.0,0.0,50
a2a,medium,36049.92301417049,34520.92397946399,45029.33173350175,6419.58,5.54,5.86,0.05206506,100.0,0.0,50
a2a,complex,45053.64583566319,43338.79093750147,57263.19164369488,11318.48,5.68,14.6,0.07894656,100.0,0.0,50
hybrid,simple,10643.479141704738,7283.755499986,25569.061310566023,4039.68,2.28,1.1,0.01622424,100.0,0.0,50
hybrid,medium,34815.264511622954,34517.38866697997,42130.60905788443,6556.16,4.82,6.58,0.047605919999999996,100.0,0.0,50
hybrid,complex,45882.0880541997,45745.48910401063,59118.972985766595,16421.0,5.76,16.08,0.09413724,100.0,0.0,50
